id,first_name,last_name,phone_number,address
626,Jamie,Smith,3296690045,Veronicaton
325,Zachary,Perez,8603441510,Grahamstad
613,Amber,Baker,1010874540,West Nichole
170,Arthur,Hester,9696686678,West Nichole
866,Debra,Ramirez,6760142880,Clayview
280,Haley,Hawkins,8642515731,Melissafurt
830,Diane,Henry,2108985424,Port Loriview
242,Kimberly,Cameron,6044982568,Clayview
240,Victoria,Hendrix,6381835167,Lake Karina
199,Lynn,Swanson,1308999765,Erikville
249,Tiffany,Garrison,2366958709,Melissafurt
528,Cristian,Romero,5197726562,Averymouth
671,Jessica,Scott,4499703128,Smithberg
308,Alexander,Clarke,1182263360,Edwardsburgh
226,Edward,Galloway,9966544188,Melissafurt
816,Julie,Dorsey,6583481878,Averymouth
534,Bradley,Cook,7111430381,Averymouth
781,Jason,Jenkins,3604057231,Erikville
691,Jason,Rodriguez,3327301660,Brownchester
414,David,Barr,2388757413,Veronicaton
460,Steven,James,6944540810,Hicksview
756,Heather,Montgomery,7380781141,Port Benjaminfurt
379,Eric,Stanley,5302630562,Robertland
424,Robert,Brennan,5366474143,West Nichole
237,Mckenzie,Dean,0832472650,Smithberg
343,Susan,Jones,6629756527,West Nichole
419,Christopher,Murray,9982797324,Lanefurt
398,Samuel,Lewis,0638466687,Smithberg
230,Rodney,Hansen,8320254682,West Nichole
694,Megan,Smith,7740943003,Edwardsburgh
33,John,Burns,8671875822,Port Benjaminfurt
826,Tammy,Simon,9490955624,Erikville
679,Julie,Gilmore,2993695570,Melissafurt
288,Megan,Weber,6331206019,Lake Jamesville
341,Carl,Stephens,3822009809,Lake Karina
628,Brandon,Logan,4074657274,Lake Karina
54,Michael,Johnson,8947261122,Port Loriview
555,Dawn,Butler,0389827908,Brownchester
445,Mary,Fields,2820740098,Robertland
836,Bethany,Brock,5737632002,Smithberg
383,Donna,Rivera,1444524704,Michelleburgh
598,Michael,Ortiz,7164476916,Port Benjaminfurt
550,Christy,Webster,1708396924,Port Benjaminfurt
444,Amanda,Nelson,6123614837,Michelleburgh
276,Christine,Jenkins,8127765681,Port Benjaminfurt
559,Douglas,Phillips,0812632263,Lanefurt
761,Christopher,Stevens,9911692402,New Marthaborough
358,Adam,Benson,5025744946,Smithberg
705,Scott,Vazquez,7187411263,Melissafurt
623,Adam,Mejia,5345726733,Erikville
633,Rebecca,White,8816293027,Clayview
17,Stephanie,Chavez,9952997214,Michelleburgh
315,Jacqueline,Bennett,5372596139,West Nichole
890,Jared,Fitzgerald,7449373848,Veronicaton
701,Todd,Golden,4316158441,Port Loriview
83,Gregory,Mcmillan,6535423571,Clayview
881,Tamara,Gonzales,5134088885,Veronicaton
500,Tamara,Smith,0923886379,Veronicaton
18,Denise,Anderson,5718166161,Melissafurt
539,Ashley,Williams,2481339010,Grahamstad
666,Kara,Wagner,1169674575,Erikville
41,Veronica,Williams,4852270998,Lanefurt
668,Angela,Becker,0645754275,Grahamstad
611,Joel,Murray,0407299545,Lake Jamesville
544,Melissa,Thompson,5220792018,Port Benjaminfurt
893,Dustin,Luna,2815708255,Brownchester
219,Justin,Waters,2556250708,Brownchester
459,Leah,Ward,2449557321,Lake Karina
222,Jesse,Williams,2446792417,Brownchester
482,Carol,Rodriguez,9808399017,Veronicaton
658,Kevin,Scott,3209615463,Averymouth
854,Brittany,Allen,5632846459,Allenton
788,Marcus,Everett,7822771630,Robertland
129,Tiffany,Farrell,0174130827,New Marthaborough
734,Nicole,Carroll,0736462580,Michelleburgh
851,Christopher,Harvey,8820598051,Averymouth
337,Felicia,Jones,1839349418,Lanefurt
43,Zachary,Ramsey,6457314142,Hicksview
12,Patricia,Williams,1624390971,Port Benjaminfurt
849,Yolanda,Hanson,2292817824,Hicksview
447,Reginald,Mcconnell,2222850799,Lake Karina
524,Robert,Bullock,6224540673,Clayview
803,Mary,Mcmahon,8765744533,Brownchester
634,Sharon,Garcia,2640279537,Port Benjaminfurt
778,Cynthia,Johnson,3253956605,Veronicaton
556,Kelly,Smith,3880545614,Smithberg
678,John,Davis,5598504008,Lake Karina
617,Tammy,Huang,0871774292,Brownchester
875,Manuel,Owens,4537434977,Lake Karina
59,Jordan,Fisher,6219321808,Allenton
526,Jose,Perry,0189161517,Smithberg
508,Kevin,Ward,3866130003,Allenton
58,Ryan,Garcia,3285654271,Lanefurt
741,Matthew,Johnson,0861318748,Erikville
688,William,Rasmussen,7734863626,New Marthaborough
593,David,Thompson,6354258810,Averymouth
609,Cynthia,Hernandez,1825888381,Robertland
285,Adam,Armstrong,7507613719,Erikville
299,Peter,Fisher,4775028457,Port Benjaminfurt
218,Kimberly,Baker,5596293609,Clayview
